TERT, CMM9, DKCA2, DKCB4, EST2, PFBMFT1, TCS1, TP2, TRT, hEST2, hTRT
TP63, AIS, B(p51A), B(p51B), EEC3, KET, LMS, NBP, OFC8, RHS, SHFM4, TP53CP, TP53L, TP73L, p40, p51, p53CP, p63, p73H, p73L
MALAT1, HCN, LINC00047, NCRNA00047, NEAT2, PRO2853, mascRNA
EPB41L3, 4.1B, DAL-1, DAL1
CHRNA5, LNCR2
CHRNA3, LNCR2, NACHRA3, PAOD2
CLPTM1L, CRR9
BAG6, BAG-6, BAT3, D6S52E, G3
CXCL8, GCP-1, GCP1, IL8, LECT, LUCT, LYNAP, MDNCF, MONAP, NAF, NAP-1, NAP1
Epb41l3, 4.1B, DAL1P, Dal1, Epb4.1l3, NBL3
FAM57A, CT120
Malat1, 2210401K01Rik, 9430072K23Rik, AI647968, Neat2
HGF, DFNB39, F-TCFB, HPTA, SF, HGF
PDPN, AGGRUS, GP36, GP40, Gp38, HT1A-1, OTS8, PA2.26, T1A, T1A-2, T1A2, TI1A
EPCAM, DIAR5, EGP-2, EGP314, EGP40, ESA, HNPCC8, KS1/4, KSA, M4S1, MIC18, MK-1, TACSTD1, TROP1
APOM, G3a, HSPC336, NG20, apo-M
CADM1, BL2, IGSF4, IGSF4A, NECL2, Necl-2, RA175, ST17, SYNCAM, TSLC1, sTSLC-1, sgIGSF, synCAM1
LPL, HDLCQ11, LIPD
CD24, CD24A
APOE, AD2, APO-E, LDLCQ5, LPG
CFTR, ABC35, ABCC7, CF/MRP, MRP7, TNR-CFTR, dJ760C5.1, CFTR
MUC4, ASGP, HSA276359, MUC-4
BPIFA1, LUNX, NASG, PLUNC, SPLUNC1, SPURT, bA49G10.5
Shh, 9530036O11Rik, Dsh, Hhg1, Hx, Hxl3, M100081
Fgf10, AEY17, BB213776, Fgf-10, Gsfaey17
RACK1, GNB2L1, Gnb2-rs1, H12.3, HLC-7, PIG21
SHH, HHG1, HLP3, HPE3, MCOPCB5, SMMCI, TPT, TPTPS
SHH, HHG1, HLP3, HPE3, MCOPCB5, SMMCI, TPT, TPTPS
KRAS, C-K-RAS, CFC2, K-RAS2A, K-RAS2B, K-RAS4A, K-RAS4B, KI-RAS1, KRAS2, NS, NS3, RALD, RASK2, KRAS
EGFR, ERBB, ERBB1, HER1, NISBD2, PIG61, mENA
MYCL, L-Myc, LMYC1, bHLHe38, MYCL
FGFR2, BBDS, BEK, BFR-1, CD332, CEK3, CFD1, ECT1, JWS, K-SAM, KGFR, TK14, TK25
SOX9, CMD1, CMPD1, SRA1, SRXX2, SRXY10
APOA1, apo(a)
TPX2, C20orf1, C20orf2, DIL-2, DIL2, FLS353, GD:C20orf1, HCA519, HCTP4, REPP86, p100
TNF, DIF-alpha, TNFA, TNFSF2, TNLG1F, TNF
ERBB2, CD340, HER-2, HER-2/neu, HER2, MLN 19, NEU, NGL, TKR1
BRAF, B-RAF11, NS7, RAFB1, BRAF
CTNNB1, CTNNB, MRD19, armadillo
CHEK2, CDS1, CHK2, HuCds1, LFS2, PP1425, RAD53, hCds1
PIK3CA, CLOVE, CWS5, MCAP, MCM, MCMTC, PI3K, PI3K-alpha, p110-alpha
NOB1, ART-4, MST158, MSTP158P, PSMD8BP1, NOB1
MED19, DT2P1G7, LCMR1AS, MED19
Ctnnb1, Bfc, Catnb, Mesc
ERCC2, COFS2, EM9, TFIIH, TTD, TTD1, XPD
BPTF, FAC1, FALZ, NURF301
FOXF1, ACDMPV, FKHL5, FREAC1
CDH2, CD325, CDHN, CDw325, NCAD
MUC1, ADMCKD, ADMCKD1, CA 15-3, CD227, EMA, H23AG, KL-6, MAM6, MCD, MCKD, MCKD1, MUC-1, MUC-1/SEC, MUC-1/X/ZD, PEM, PEMT, PUM, MUC1
AGER, RAGE, SCARJ1
ADIPOQ, ACDC, ACRP30, ADIPQTL1, ADPN, APM-1, APM1, GBP28
SUPT7L, SPT7L, STAF65, STAF65(gamma), STAF65G, SUPT7H
ABCG2, ABC15, ABCP, BCRP, BCRP1, BMDP, CD338, CDw338, EST157481, GOUT1, MRX, MXR, MXR-1, MXR1, UAQTL1
RASSF1, 123F2, NORE2AA, RDA32, REH3P21, RASSF1
RB1, OSRC, PPP1R130, RB, p105-Rb, pRb, pp110
FGF10, 
MMP3, CHDS6, MMP-3, SL-1, STMY, STMY1, STR1
FASLG, ALPS1B, APT1LG1, APTL, CD178, CD95-L, CD95L, FASL, TNFSF6, TNLG1A
PTK2, FADK, FAK, FAK1, FRNK, PPP1R71, p125FAK, pp125FAK
IGFBP3, BP-53, IBP3
CHI3L1, ASRT7, CGP-39, GP-39, GP39, HC-gp39, HCGP-3P, YKL-40, YKL40, YYL-40, hCGP-39
SMAD3, HSPC193, HsT17436, JV15-2, LDS1C, LDS3, MADH3
VEGFA, MVCD1, VEGF, VPF
CASP8, ALPS2B, CAP4, Casp-8, FLICE, MACH, MCH5
NKX2-1, BCH, BHC, NK-2, NKX2.1, NKX2A, NMTC1, T/EBP, TEBP, TITF1, TTF-1, TTF1
F3, CD142, TF, TFA
EMX2, 
AHRR, AHH, AHHR, bHLHe77
BRCA2, BRCC2, BROVCA2, FACD, FAD, FAD1, FANCD, FANCD1, GLM3, PNCA2, XRCC11
TP53, BCC7, LFS1, P53, TRP53
BTNL2, BTL-II, BTN7, HSBLMHC1, SS2
Ctnnb1, Catnb
WWOX, D16S432E, EIEE28, FOR, FRA16D, HHCMA56, PRO0128, SCAR12, SDR41C1, WOX1
MAPK1, ERK, ERK-2, ERK2, ERT1, MAPK2, P42MAPK, PRKM1, PRKM2, p38, p40, p41, p41mapk, p42-MAPK
TGFB1, CED, DPD1, LAP, TGFB, TGFbeta
LGALS1, GAL1, GBP
NOTCH1, AOS5, AOVD1, TAN1, hN1
ESR1, ER, ESR, ESRA, ESTRR, Era, NR3A1
HIF1A, HIF-1-alpha, HIF-1A, HIF-1alpha, HIF1, HIF1-ALPHA, MOP1, PASD8, bHLHe78
MTHFR, 
PTGS2, COX-2, COX2, GRIPGHS, PGG/HS, PGHS-2, PHS-2, hCox-2
MMP9, CLG4B, GELB, MANDP2, MMP-9
CDKN2A, ARF, CDK4I, CDKN2, CMM2, INK4, INK4A, MLM, MTS-1, MTS1, P14, P14ARF, P16, P16-INK4A, P16INK4, P16INK4A, P19, P19ARF, TP16
ROS1, MCF3, ROS, c-ros-1
STAT3, ADMIO, APRF, HIES
PTEN, 10q23del, BZS, CWS1, DEC, GLM2, MHAM, MMAC11, TEP1, PTEN
GPC3, DGSX, GTR2-2, MXR7, OCI-5, SDYS, SGB, SGBS, SGBS1
CDH1, Arc-1, CD324, CDHE, ECAD, LCAM, UVO
CYP2A6, CPA6, CYP2A, CYP2A3, CYPIIA6, P450C2A, P450PB
BCL2, Bcl-2, PPP1R50
MYC, MRTLC, bHLHe39, c-Myc, MYC
NFKB1, CVID12, EBP-1, KBF1, NF-kB1, NF-kappa-B, NF-kappaB, NFKB-p105, NFKB-p50, NFkappaB, p105, p50
IRF1, IRF-1, MAR
MMP2, CLG4, CLG4A, MMP-2, MMP-II, MONA, TBE-1
HP, BP2ALPHA2, HPA1S, HP
AKT1, AKT, CWS6, PKB, PKB-ALPHA, PRKBA, RAC, RAC-ALPHA
IGF2, C11orf43, GRDF, IGF-II, PP9974
ESR2, ER-BETA, ESR-BETA, ESRB, ESTRB, Erb, NR3A2
CD44, CDW44, CSPG8, ECMR-III, HCELL, HUTCH-I, IN, LHR, MC56, MDU2, MDU3, MIC4, Pgp1
HMGA2, BABL, HMGI-C, HMGIC, LIPO, STQTL9
MET, AUTS9, DFNB97, HGFR, RCCP2, c-Met
Kras, AI929937, K-ras, Ki-ras-2, Kras2, p21B, ras, Kras
IGF1R, CD221, IGFIR, IGFR, JTK13
CDKN1A, CAP20, CDKN1, CIP1, MDA-6, P21, SDI1, WAF1, p21CIP1
MIR21, MIRN21, hsa-mir-21, miR-21, miRNA21
TNFSF11, CD254, ODF, OPGL, OPTB2, RANKL, TNLG6B, TRANCE, hRANKL2, sOdf
MAPK3, ERK-1, ERK1, ERT2, HS44KDAP, HUMKER1A, P44ERK1, P44MAPK, PRKM3, p44-ERK1, p44-MAPK
IL12B, CLMF, CLMF2, IL-12B, IMD28, IMD29, NKSF, NKSF2
ERCC1, COFS4, RAD10, UV20
CXCR4, CD184, D2S201E, FB22, HM89, HSY3RR, LAP-3, LAP3, LCR1, LESTR, NPY3R, NPYR, NPYRL, NPYY3R, WHIM, WHIMS
ALK, CD246, NBLST3
TYMS, HST422, TMS, TS
HLA-DQA1, CD, CELIAC1, DQ-A1, GSE, HLA-DQA
MTOR, FRAP, FRAP1, FRAP2, RAFT1, RAPT1, SKS
TNFSF10, APO2L, Apo-2L, CD253, TL2, TNLG6A, TRAIL
CCND1, BCL1, D11S287E, PRAD1, U21B31
YAP1, COB1, YAP, YAP2, YAP65, YKI
ITGA3, CD49C, FRP-2, GAP-B3, GAPB3, ILNEB, MSK18, VCA-2, VL3A, VLA3a
GSTM1, GST1-1, GSTM1a-1a, GSTM1b-1b, GTH4, GTM1, H-B, MU, MU-1, GSTM1
DKK3, REIC, RIG
Pten, 2310035O07Rik, A130070J02Rik, AI463227, B430203M17Rik, MMAC1, TEP1
BRCA1, BRCAI, BRCC1, BROVCA1, FANCS, IRIS, PNCA4, PPP1R53, PSCP, RNF53
POU5F1, OCT3, OCT4, OTF-3, OTF3, OTF4, Oct-3, Oct-4
NR1H4, BAR, FXR, HRR-1, HRR1, RIP14
GSTP1, DFN7, FAEES3, GST3, GSTP, HEL-S-22, PI
IL1B, IL-1, IL1-BETA, IL1F2
VDR, NR1I1, PPP1R163
PPARG, CIMT1, GLM1, NR1C31, PPARG2, PPARgamma, PPARG
XRCC1, RCC
CXCL12, IRH, PBSF, SCYB12, SDF1, TLSF, TPAR1
IGF1, IGF-I, IGFI, MGF
SOD2, IPO-B, IPOB, MNSOD, MVCD6, Mn-SOD
RET, CDHF12, CDHR16, HSCR1, MEN2A, MEN2B, MTC1, PTC-ELE1, RET51, RET
TIMP1, CLGI, EPA, EPO, HCI, TIMP, TIMP-1
PROM1, AC133, CD133, CORD12, MCDR2, MSTP061, PROML1, RP41, STGD4
CAV1, BSCL3, CGL3, LCCNS, MSTP085, PPH3, VIP21
BIRC5, API4, EPR-1
IL13, IL-13, P600
SERPINB5, PI5, maspin
FAS, ALPS1A, APO-1, APT1, CD951, FASTM, TNFRSF6, FAS
IL6, BSF-2, BSF2, CDF, HGF, HSF, IFN-beta-2, IFNB2, IL-6
MLH1, COCA2, FCC2, HNPCC, HNPCC2, hMLH1
HDAC4, AHO3, BDMR, HA6116, HD4, HDAC-4, HDAC-A, HDACA
SPP1, BNSP, BSPI, ETA-1, OPN
Lif, 
FGFR1, BFGFR, CD331, CEK, ECCL, FGFBR, FGFR-1, FLG, FLT-2, FLT2, HBGFR, HH2, HRTFDS, KAL2, N-SAM, OGD, bFGF-R-1
GPC5, 
Tnf, DIF, TNF-a, TNF-alpha, TNFSF2, TNFalphaa, Tnfsf1a, Tnlg1f, Tnf
MDM2, ACTFS, HDMX, hdm2
GSTT1, 
ABCB1, ABC20, CD243, CLCS, GP170, MDR1, P-GP, PGY1
BMI1, FLVI2/BMI1, PCGF4, RNF51, flvi-2/bmi-1
COL1A2, OI4
EZH2, ENX-1, ENX1, EZH1b, KMT6, KMT6A, WVS, WVS2, EZH2
KIT, C-Kit, CD117, PBT, SCFR
ATM, AT1, ATA, ATC, ATD, ATDC, ATE, TEL1, TELO1
Stat3, 1110034C02Rik, AW109958, Aprf
ABCC4, MOAT-B, MOATB, MRP4
Notch1, 9930111A19Rik, Mis6, N1, Tan1, lin-12
Trp53, Tp53, bbl, bfy, bhy, p44, p53
FOXM1, FKHL16B, HFH-11, HFH11, HNF-3, INS-1, MPHOSPH2, MPP-2, MPP2, PIG29, TRIDENT, FOXM1
IKZF1, CVID13, Hs.54452, IK1, IKAROS, LYF1, LyF-1, PPP1R92, PRO0758, ZNFN1A1
TGFBR2, AAT3, FAA3, LDS1B, LDS2, LDS2B, MFS2, RIIC, TAAD2, TGFR-2, TGFbeta-RII
CDKN1B, CDKN4, KIP1, MEN1B, MEN4, P27KIP1
NFE2L2, HEBP1, NRF2
IL10, CSIF, GVHDS, IL-10A, TGIF, IL10
VEGFC, Flt4-L, LMPH1D, VRP
MMP7, MMP-7, MPSL1, PUMP-1
OGG1, HMMH, HOGG1, MUTM, OGH1
TLR4, ARMD10, CD284, TLR-4, TOLL
E2F1, E2F-1, RBAP1, RBBP3, RBP3
SLC2A1, CSE, DYT17, DYT18, DYT9, EIG12, GLUT, GLUT-1, GLUT1, GLUT1DS, HTLVR, PED, SDCHCN
CDX2, CDX-3/AS, CDX3, CDX2
NQO1, DHQU, DIA4, DTD, NMOR1, NMORI, QR1
Tgfb1, TGF-beta1, TGFbeta1, Tgfb, Tgfb-1
MMP1, CLG, CLGN
ALDH1A1, ALDC, ALDH-E1, ALDH1, ALDH11, HEL-9, HEL-S-53e, HEL12, PUMB1, RALDH1
TGFBR3, BGCAN, betaglycan
ACTA2, AAT6, ACTSA, MYMY5
SOX2, ANOP3, MCOPS3
MGMT, 
SPARC, BM-40, OI17, ON
CTGF, CCN2, HCS24, IGFBP8, NOV2
Nkx2-1, AV026640, Nkx2.1, T/EBP, Titf1, Ttf-1
GREM1, C15DUPq, CKTSF1B1, CRAC1, CRCS4, DAND2, DRM, DUP15q, GREMLIN, HMPS, HMPS1, IHG-2, MPSH, PIG2
RUNX3, AML2, CBFA3, PEBP2aC
MAPK14, CSBP, CSBP1, CSBP2, CSPB1, EXIP, Mxi2, PRKM14, PRKM15, RK, SAPK2A, p38, p38ALPHA
NRP1, BDCA4, CD304, NP1, NRP, VEGF165R
GLI1, GLI
IL17A, CTLA-8, CTLA8, IL-17, IL-17A, IL17
HMGB1, HMG-1, HMG1, HMG3, SBP-1
CYP1A2, CP12, P3-450, P450(PA)
TAGLN, SM22, SMCC1, WS3-10, TAGLN
SIRT1, SIR2, SIR2L1, SIR2alpha
LEP, LEPD, OB, OBS
NGF, Beta-NGF, HSAN5B, NGF
ID1, ID, bHLHb24
STK11, LKB1, PJS, hLKB1
HDAC1, GON-10, HD1, RPD3, RPD3L1
TP73, P73
ADRB2, ADRB2R, ADRBR, B2AR, BAR, BETA2AR
MAP2K1, CFC3, MAPKK1, MEK1, MKK1, PRKMK1
XPC, RAD4, XP3C, p125, XPC
GALNT3, GalNAc-T3, HFTC, HHS
FOXP1, 12CC4, HSPC215, MFH, QRF1, hFKH1B
APEX1, APE, APE1, APEN, APEX, APX, HAP1, REF1
SMAD4, DPC4, JIP, MADH4, MYHRS
HMOX1, HMOX1D, HO-1, HSP32, bK286B10
Ifng, IFN-g, Ifg
DNMT3B, ICF, ICF1, M.HsaIIIB
IL4, BCGF-1, BCGF1, BSF-1, BSF1, IL-4
CASP3, CPP32, CPP32B, SCA-1
ITGB1, CD29, FNRB, GPIIA, MDF2, MSK12, VLA-BETA, VLAB
TERC, DKCA1, PFBMFT2, SCARNA19, TR, TRC3, hTR
ANXA1, ANX1, LPC1
Hif1a, AA959795, HIF-1-alpha, HIF1-alpha, HIF1alpha, MOP1, bHLHe78
BAX, BCL2L4
IFNG, IFG, IFI
RAC1, MIG5, Rac-1, TC-25, p21-Rac1
CYP19A1, ARO, ARO1, CPV1, CYAR, CYP19, CYPXIX, P-450AROM
PARP1, ADPRT, ADPRT 1, ADPRT1, ARTD1, PARP, PARP-1, PPOL, pADPRT-1
EPAS1, ECYT4, HIF2A, HLF, MOP2, PASD2, bHLHe73
Il6, Il-6
XRCC3, CMM6
SERPINE1, PAI, PAI-1, PAI1, PLANH1
CCL2, GDCF-2, HC11, HSMCR30, MCAF, MCP-1, MCP1, SCYA2, SMC-CF
CTLA4, ALPS5, CD, CD152, CELIAC3, CTLA-4, GRD4, GSE, IDDM12
MIR34A, MIRN34A, miRNA34A, mir-34, mir-34a
CREB1, CREB, CREB-1
ICAM1, BB2, CD54, P3.58
EML4, C2orf2, ELP120, EMAP-4, EMAPL4, ROPP120
IGF2BP3, CT98, IMP-3, IMP3, KOC, KOC1, VICKZ3
BSG, 5F7, CD147, EMMPRIN, OK, TCSF
ITGB3, BDPLT16, BDPLT2, CD61, GP3A, GPIIIa, GT
MUC5AC, MUC5, TBM, leB, mucin
RASSF2, CENP-34, RASFADIN
HSPB1, CMT2F, HEL-S-102, HMN2B, HS.76067, HSP27, HSP28, Hsp25, SRP27
EDN1, ARCND3, ET1, HDLCQ7, PPET1, QME
MSH2, COCA1, FCC1, HNPCC, HNPCC1, LCFS2
AHR, bHLHe76
SFTPA1, COLEC4, PSAP, PSP-A, PSPA, SFTP1B, SP-A, SP-A1, SPA, SPA1, SFTPA1
Mapk14, CSBP2, Crk1, Csbp1, Mxi2, PRKM14, PRKM15, p38, p38-alpha, p38MAPK, p38a, p38alpha
JUN, AP-1, AP1, c-Jun
ALDH1A2, RALDH(II), RALDH2, RALDH2-T
SP1, 
TWIST1, ACS3, BPES2, BPES3, CRS, CRS1, CSO, SCS, TWIST, bHLHa38
SRF, MCM1
NBN, AT-V1, AT-V2, ATV, NBS, NBS1, P95
HRAS, C-BAS/HAS, C-H-RAS, C-HA-RAS1, CTLO, H-RASIDX, HAMSV1, RASH1, p21ras, HRAS
MIF, GIF, GLIF, MMIF
PTPN11, BPTP3, CFC, JMML, METCDS, NS1, PTP-1D, PTP2C, SH-PTP2, SH-PTP3, SHP2
TLR9, CD289
BCL2L1, BCL-XL/S, BCL2L, BCLX, Bcl-X, PPP1R52
SMAD6, AOVD2, HsT17432, MADH6, MADH7
CYP1B1, CP1B, CYPIB1, GLC3A, P4501B1
CEBPA, C/EBP-alpha, CEBP
SMARCA4, BAF190, BAF190A, BRG1, CSS4, MRD16, RTPS2, SNF2, SNF2L4, SNF2LB, SWI2, hSNF2b
IL18, IGIF, IL-18, IL-1g, IL1F4
RELA, NFKB3, p65
ITGAV, CD51, MSK8, VNRA, VTNR
FHIT, AP3Aase, FRA3B
DAPK1, DAPK
EIF4E, AUTS19, CBP1, EIF4EL1, EIF4F, eIF-4E, EIF4E
KDR, CD309, FLK1, VEGFR, VEGFR2
TGFBR1, AAT5, ACVRLK4, ALK-5, ALK5, ESS1, LDS1, LDS1A, LDS2A, MSSE, SKR4, TGFR-1, tbetaR-I
TRIM29, ATDC
ABCC1, ABC29, ABCC, GS-X, MRP, MRP1
FGF2, BFGF, FGF-2, FGFB, HBGF-2
EPHX1, EPHX, EPOX, HYL1, MEH
ERG, erg-3, p55
ERBB3, ErbB-3, HER3, LCCS2, MDA-BF-1, c-erbB-3, c-erbB3, erbB3-S, p180-ErbB3, p45-sErbB3, p85-sErbB3
NAPSA, KAP, Kdap, NAP1, NAPA, SNAPA
LGALS3, CBP35, GAL3, GALBP, GALIG, L31, LGALS2, MAC2
Yap1, AI325207, Yap, Yap65, Yki, Yorkie
MKI67, KIA, MIB-, MIB-1, PPP1R105
MMP14, MMP-14, MMP-X1, MT-MMP, MT-MMP 1, MT1-MMP, MT1MMP, MTMMP1, WNCHRS
AURKA, AIK, ARK1, AURA, BTAK, PPP1R47, STK15, STK6, STK7
AGR2, AG2, GOB-4, HAG-2, HEL-S-116, PDIA17, XAG-2
CD40LG, CD154, CD40L, HIGM1, IGM, IMD3, T-BAM, TNFSF5, TRAP, gp39, hCD40L
PLAU, ATF, BDPLT5, QPD, UPA, URK, u-PA
MIR145, MIRN145, miR-145, miRNA145
CRTC1, MECT1, TORC-1, TORC1, WAMTP1
MCL1, BCL2L3, EAT-ES, MCL1L, MCL1S, Mcl-1, TM, bcl2-L-3, mcl1/EAT, MCL1
ASCL1, ASH1, HASH1, MASH1, bHLHa46
APC, BTPS2, DP2, DP2.5, DP3, GS, PPP1R46
NOS2, HEP-NOS, INOS, NOSA, NOS2
VHL, HRCA1, RCA11, pVHL, VHL
RHOA, ARH12, ARHA, RHO12, RHOH12
GTF2H1, BTF2, P62, TFB1, TFIIH
CCR5, CC-CKR-5, CCCKR5, CCR-5, CD195, CKR-5, CKR5, CMKBR5, IDDM22
EGF, HOMG4, URG
MMP12, HME, ME, MME, MMP-12
CCNB2, HsT17299
FLT1, FLT, FLT-1, VEGFR-1, VEGFR1
Fgf9, Eks
SFTPC, BRICD6, PSP-C, SFTP2, SMDP2, SP-C
ZEB1, AREB6, BZP, DELTAEF1, FECD6, NIL2A, PPCD3, TCF8, ZFHEP, ZFHX1A
HLA-G, MHC-G
KRT19, CK19, K19, K1CS
EZR, CVIL, CVL, HEL-S-105, VIL2
PDGFRA, CD140A, GAS9, PDGFR-2, PDGFR2, RHEPDGFRA
Il10, CSIF, Il-10
SNAI1, SLUGH2, SNA, SNAH, SNAIL, SNAIL1, dJ710H13.1
S100A9, 60B8AG, CAGB, CFAG, CGLB, L1AG, LIAG, MAC387, MIF, MRP14, NIF, P14
ELAVL1, ELAV1, HUR, Hua, MelG
JAK2, JTK10, THCYT3
Spp1, 2AR, Apl-1, BNSP, BSPI, Bsp, ETA-1, Eta, OP, Opn, Opnl, Ric, Spp-1
XRCC5, KARP-1, KARP1, KU80, KUB2, Ku86, NFIV
Fgfr1, AW208770, Eask, FLG, Fgfr-1, Flt-2, Hspy, MFR, bFGF-R-1, c-fgr
FGFR3, ACH, CD333, CEK2, HSFGFR3EX, JTK4
LAMC2, B2T, BM600, CSF, EBR2, EBR2A, LAMB2T, LAMNB2
PLAUR, CD87, U-PAR, UPAR, URKR
IL37, FIL1, FIL1(ZETA), FIL1Z, IL-1F7, IL-1H, IL-1H4, IL-1RP1, IL-37, IL1F7, IL1H4, IL1RP1
DNMT1, ADCADN, AIM, CXXC9, DNMT, HSN1E, MCMT, m.HsaI
EP300, KAT3B, RSTS2, p300
SNAI2, SLUG, SLUGH1, SNAIL2, WS2D
GSK3B, 
FOXO1, FKH1, FKHRA, FOXO1
IL1RN, DIRA, ICIL-1RA, IL-1RN, IL-1ra, IL-1ra3, IL1F3, IL1RA, IRAP, MVCD4
EGR1, AT225, G0S30, KROX-24, NGFI-A, TIS8, ZIF-268, ZNF225
KEAP1, INrf2, KLHL19
WNT5A, hWNT5A
COMT, HEL-S-98n
KRT5, CK5, DDD, DDD1, EBS2, K5A, KRT5
Il17a, Ctla-8, Ctla8, IL-17, IL-17A, Il17
Myc, AU0167572, Niard, Nird, bHLHe39, Myc
BECN1, ATG6, VPS30, beclin1
WT1, AWT1, EWS-WT1, GUD, NPHS4, WAGR, WIT-2, WT33
NME1, AWD, GAAD, NB, NBS, NDKA, NDPK-A, NDPKA, NM23, NM23-H1
MAPK8, JNK, JNK-46, JNK1, JNK1A2, JNK21B1/2, PRKM8, SAPK1, SAPK1c
CASP9, APAF-3, APAF3, ICE-LAP6, MCH6, PPP1R56
S100A4, 18A2, 42A, CAPL, FSP1, MTS1, P9KA, PEL98
Egfr, 9030024J15Rik, AI552599, Erbb, Errb1, Errp, Wa5, wa-2, wa2
MUC5B, MG1, MUC-5B, MUC5, MUC9
GPX1, GPXD, GSHPX1
LEPR, CD295, LEP-RD, OB-R, OBR, LEPR
TNFRSF10B, CD262, DR5, KILLER, KILLER/DR5, TRAIL-R2, TRAILR2, TRICK2, TRICK2A, TRICK2B, TRICKB, ZTNFR9
SOD1, ALS, ALS1, HEL-S-44, IPOA, SOD, hSod1, homodimer
NRG1, ARIA, GGF, GGF2, HGL, HRG, HRG1, HRGA, MST131, MSTP131, NDF-IT2, SMDF, NRG1
S100A8, 60B8AG, CAGA, CFAG, CGLA, CP-10, L1Ag, MA387, MIF, MRP8, NIF, P8
LOX, 
Icam1, CD54, Icam-1, Ly-47, MALA-2
RAF1, CMD1NN, CRAF, NS5, Raf-1, c-Raf
TYMP, ECGF, ECGF1, MEDPS1, MNGIE, MTDPS1, PDECGF, TP, hPD-ECGF
01/12/01, CTS9
CCL20, CKb4, Exodus, LARC, MIP-3-alpha, MIP-3a, MIP3A, SCYA20, ST38
SOD3, EC-SOD
ANXA2, ANX2, ANX2L4, CAL1H, HEL-S-270, LIP2, LPC2, LPC2D, P36, PAP-IV
NOTCH3, CADASIL, CADASIL1, CASIL, IMF2, LMNS
PTX3, TNFAIP5, TSG-14
CEBPB, C/EBP-beta, IL6DBP, NF-IL6, TCF5
DICER1, DCR1, Dicer, Dicer1e, HERNA, K12H4.8-LIKE, MNG1, RMSE2
NRAS, ALPS4, CMNS, N-ras, NCMS1, NS6, NRAS
WNT7B, 
CFLAR, CASH, CASP8AP1, CLARP, Casper, FLAME, FLAME-1, FLAME1, FLIP, I-FLICE, MRIT, c-FLIP, c-FLIPL, c-FLIPR, c-FLIPS
CA9, CAIX, MN
ABCC2, ABC30, CMOAT, DJS, MRP2, cMRP
HNRNPA2B1, HNRNPA2, HNRNPB1, HNRPA2, HNRPA2B1, HNRPB1, IBMPFD2, RNPA2, SNRPB1
Cdkn1a, CAP20, CDKI, CIP1, Cdkn1, P21, SDI1, Waf1, mda6, p21Cip1, p21WAF
Mtor, 2610315D21Rik, AI327068, FRAP, FRAP2, Frap1, RAFT1, RAPT1, flat
SLC7A5, 4F2LC, CD98, D16S469E, E16, LAT1, MPE16, hLAT1
SFTPA2, COLEC5, PSAP, PSP-A, PSPA, SFTP1B, SP-A, SPA2, SPAII, SFTPA2
PTHLH, BDE2, HHM, PLP, PTHR, PTHRP
TIMP3, HSMRK222, K222, K222TA2, SFD
RRM1, R1, RIR1, RR1
INHBA, EDF, FRP
E2F3, E2F-3
DPYD, DHP, DHPDHASE, DPD
NANOG, 
CLU, AAG4, APO-J, APOJ, CLI1, CLU2, KUB1, NA1/NA2, SGP-2, SGP2, SP-40, TRPM-2, TRPM2, CLU
FLT4, FLT-41, LMPH1A, PCL, VEGFR-3, VEGFR3, FLT4
Apc, AI047805, AU020952, AW124434, CC1, Min, mAPC
CTNND1, CAS, CTNND, P120CAS, P120CTN, p120, p120(CAS), p120(CTN)
MTA1, 
FOXO3, AF6q21, FKHRL1, FKHRL1P2, FOXO2A, FOXO3
PAX8, 
GHRL, MTLRP
TOP2A, TOP2, TP2A
SFRP1, FRP, FRP-1, FRP1, FrzA, SARP2
ANGPT2, AGPT2, ANG2
CYP24A1, CP24, CYP24, HCAI, P450-CC24
BCL2L11, BAM, BIM, BOD
CAMP, CAP-18, CAP18, CRAMP, FALL-39, FALL39, HSD26, LL37
TIMP2, CSC-21K, DDC8
CFH, AHUS1, AMBP1, ARMD4, ARMS1L3, FH, FHL1, HF, HF1, HF2, HUS, CFH
SKP2, FBL1, FBXL1, FLB1, p45
IL1A, IL-1A, IL1, IL1-ALPHA, IL1F1
Cdkn2a, ARF-INK4a, Arf, INK4a-ARF, Ink4a/Arf, MTS1, Pctr1, p16, p16(INK4a), p16INK4a, p19<ARF>, p19ARF
Gja1, AU042049, AW546267, Cnx43, Cx43, Cx43alpha1, Gja-1, Npm1, connexin43
PGR, NR3C3, PR
CSF2, GMCSF
NEDD9, CAS-L, CAS2, CASL, CASS2, HEF1
Rb1, Rb, Rb-1, pRb
PEBP1, HCNP, HCNPpp, HEL-210, HEL-S-34, HEL-S-96, PBP, PEBP, PEBP-1, RKIP
NFAT5, NF-AT5, NFATL1, NFATZ, OREBP, TONEBP
AKT2, HIHGHH, PKBB, PKBBETA, PRKBB, RAC-BETA
Stk11, AA408040, Lkb1, Par-4, R75140
EDNRB, ABCDS, ET-B, ET-BR, ETB, ETB1, ETBR, ETRB, HSCR, HSCR2, WS4A
CEACAM5, CD66e, CEA
THBS1, THBS, THBS-1, TSP, TSP-1, TSP1
TNFRSF10A, APO2, CD261, DR4, TRAILR-1, TRAILR1
AXL, ARK, JTK11, Tyro7, UFO
ENG, END, HHT1, ORW1
MIR155, MIRN155, miRNA155, mir-155
PARK7, DJ-1, DJ1, HEL-S-67p
MST1R, CD136, CDw136, PTK8, RON
AICDA, AID, ARP2, CDA2, HEL-S-284, HIGM2
HES1, HES-1, HHL, HRY, bHLHb39
GLI2, CJS, HPE9, PHS2, THP1, THP2
MEN1, MEAI, SCG2
IL6R, CD126, IL-6R-1, IL-6RA, IL6QA, IL6RQ, gp80, IL6R
AR, AIS8, DHTR, HUMARA, HYSP1, KD, NR3C4, SBMA, SMAX1, TFM, AR
RECK, ST15
Socs3, Cis3, Cish3, EF-10, Ef10, SSI-3, Ssi3
ELANE, ELA2, GE, HLE, HNE, NE, PMN-E, SCN1
ABL1, ABL, JTK7, bcr/abl, c-ABL, c-ABL1, p150, v-abl
KLF4, EZF, GKLF
NAMPT, 1110035O14Rik, PBEF, PBEF1, VF, VISFATIN
MMP13, CLG3, MANDP1, MMP-13
PTGS1, COX1, COX3, PCOX1, PES-1, PGG/HS, PGHS-1, PGHS1, PHS1, PTGHS
CCL5, D17S136E, RANTES, SCYA5, SIS-delta, SISd, TCP228, eoCP
CXCR3, CD182, CD183, CKR-L2, CMKAR3, GPR9, IP10-R, Mig-R, MigR
IDH1, HEL-216, HEL-S-26, IDCD, IDH, IDP, IDPC, PICD
Ar, AW320017, Tfm
CYR61, CCN1, GIG1, IGFBP10
GNAS, AHO, C20orf451, GPSA, GSA, GSP, NESP, POH, SCG6, SgVI, GNAS
GATA4, ASD2, TACHD, TOF, VSD1
CD40, Bp50, CDW40, TNFRSF5, p50
ARG1, 
C3, AHUS5, ARMD9, ASPa, C3b, CPAMD1, HEL-S-62p, C3
Map2k1, MAPKK1, MEKK1, Mek1, Prkmk1
RAD51, BRCC5, FANCR, HRAD51, HsRad51, HsT16930, MRMV2A, RECA, RAD51
HDGF, HMG1L2
XPA, XP1C, XPA
SYK, p72-Syk
Cd44, AU023126, AW121933, AW146109, HERMES, Ly-24, Pgp-1
GATA6, 
GLI3, ACLS, GCPS-190, GLI3FL, PAP-A, PAPA, PAPA1, PAPB, PHS, PPDIV, GLI3
MIR146A, MIRN146, MIRN146A, miR-146a, miRNA146A
HNF4A, FRTS4, HNF4, HNF4a7, HNF4a8, HNF4a9, HNF4alpha, MODY, MODY1, NR2A1, NR2A21, TCF, TCF14
TGM2, TG(C), TGC
Cxcl12, Pbsf, Scyb12, Sdf1, Tlsf, Tpar1
MSLN, MPF, SMRP
HOTAIR, HOXAS, HOXC-AS4, HOXC11-AS1, NCRNA00072
SELP, CD62, CD62P, GMP140, GRMP, LECAM3, PADGEM, PSEL
ARID1A, B120, BAF250, BAF250a, BM029, C1orf4, CSS2, ELD, MRD14, OSA1, P270, SMARCF1, hELD, hOSA1
F2R, CF2R, HTR, PAR-1, PAR1, TR
CXADR, CAR, CAR4/6, HCAR
SOCS3, ATOD4, CIS3, Cish3, SOCS-3, SSI-3, SSI3
DKK1, DKK-1, SK
Runx3, AML2, Cbfa3, Pebp2a3
ADAM17, ADAM18, CD156B, CSVP, NISBD, NISBD1, TACE
FOS, AP-1, C-FOS, p55
ETS1, ETS-1, EWSR2, c-ets-1, p54
CHRNA7, CHRNA7-2, NACHRA7
KL, 
ITGA5, CD49e, FNRA, VLA-5, VLA5A
NTRK1, MTC, TRK, TRK1, TRKA, Trk-A, p140-TrkA
WIF1, WIF-1
PTCH1, BCNS, HPE7, NBCCS, PTC, PTC1, PTCH1, PTCH1
STAT6, D12S1644, IL-4-STATB, STAT6C, STAT6
ILK, HEL-S-28-1, ILK-2, P59, p59ILK, ILK
HDAC3, HD3, RPD3, RPD3-2
BMP7, OP-1
TK1, TK2
CEACAM1, BGP, BGP1, BGPI
ITGB4, CD104, GP150
CYP17A1, CPT7, CYP17, P450C17, S17AH
CLDN1, CLD1, ILVASC, SEMP1
MICA, MIC-A, PERB11.1
GSTA1, GST-epsilon, GST2-1, GTH1, GSTA1
LTA, LT, TNFB, TNFSF1, TNLG1E
CDH13, CDHH, P105
XIAP, API3, BIRC4, IAP-3, ILP1, MIHA, XLP2, hIAP-3, hIAP3
KLF6, BCD1, CBA1, COPEB, CPBP, GBF, PAC1, ST12, ZF9
AREG, ARB, CRDGF, SDGF, AREG
ARRB1, ARB1, ARR1
Tbx21, TBT1, Tbet, Tblym
SELE, CD62E, ELAM, ELAM1, ESEL, LECAM2
SATB1, 
DRD2, D2DR, D2R
PDGFRB, CD140B, IBGC4, IMF1, JTK12, KOGS, PDGFR, PDGFR-1, PDGFR1, PENTT
IGFBP7, AGM, FSTL2, IBP-7, IGFBP-7, IGFBP-7v, IGFBPRP1, MAC25, PSF, RAMSVPS, TAF
HDAC2, HD2, RPD3, YAF1
IKBKB, IKK-beta, IKK2, IKKB, IMD15, NFKBIKB
AQP1, AQP-CHIP, CHIP28, CO
SERPINF1, EPC-1, OI12, OI6, PEDF, PIG35
AQP5, AQP-5, PPKB
GATA3, HDR, HDRS
EFEMP1, DHRD, DRAD, FBLN3, FBNL, FIBL-3, MLVT, MTLV, S1-5
UBE2C, UBCH10, dJ447F3.2
EIF4EBP1, 4E-BP1, 4EBP1, BP-1, PHAS-I
ACE2, ACEH
AKR1B10, AKR1B11, AKR1B12, ALDRLn, ARL-1, ARL1, HIS, HSI
PRKCZ, PKC-ZETA, PKC2
ANGPT1, AGP1, AGPT, ANG1
MTRR, MSR, cblE
DNMT3A, DNMT3A2, M.HsaIIIA, TBRS
EPHA2, ARCC2, CTPA, CTPP1, CTRCT6, ECK
YY1, DELTA, INO80S, NF-E1, UCRBP, YIN-YANG-1
SIRT6, SIR2L6
Cdh1, AA960649, ARC-1, E-cad, Ecad, L-CAM, UVO, Um
TTR, CTS, CTS1, HEL111, HsT2651, PALB, TBPA
TNFRSF11B, OCIF, OPG, PDB5, TR1
LUM, LDC, SLRR2D
KRT7, CK7, K2C7, K7, SCL
PXN, 
CTTN, EMS1
COL18A1, KNO, KNO1, KS
CCNA2, CCN1, CCNA
CDCP1, CD318, SIMA135, TRASK
HSD11B2, AME, AME1, HSD11K, HSD2, SDR9C3
BID, FP497
Dnmt3a, MmuIIIA
TFAP2A, AP-2, AP-2alpha, AP2TF, BOFS, TFAP2
PTN, HARP, HB-GAM, HBBM, HBGF-8, HBGF8, HBNF, HBNF-1, NEGF1, OSF-1
BIRC3, AIP1, API2, CIAP2, HAIP1, HIAP1, MALT2, MIHC, RNF49, c-IAP2
CD82, 4F9, C33, GR15, IA4, KAI1, R2, SAR2, ST6, TSPAN27
Bmi1, AW546694, Bmi-1, Pcgf4
HOXB7, HHO.C1, HOX2, HOX2C, Hox-2.3
XRCC4, SSMED
Mapk8, AI849689, JNK, JNK1, Prkm8, SAPK1
PCNA, ATLD2
NOTCH2, AGS2, HJCYS, hN2
PML, MYL, PP8675, RNF71, TRIM19
EPO, EP, MVCD2
IL11, AGIF, IL-11
VIM, CTRCT30, HEL113
Ptk2, FAK, FRNK, Fadk, mKIAA4203, p125FAK
HPSE, HPA, HPA1, HPR11, HSE1, HPSE
PRMT5, HRMT1L5, IBP72, JBP1, SKB1, SKB1Hs
MIR31, MIRN31, hsa-mir-31, miR-31
NODAL, HTX5
Mmp12, AV378681, MME, Mmel
TGFBI, BIGH3, CDB1, CDG2, CDGG1, CSD, CSD1, CSD2, CSD3, EBMD, LCD1
MSR1, CD204, SCARA1, SR-A, SRA, phSR1, phSR2
MUTYH, MYH
NR1I2, BXR, ONR1, PAR, PAR1, PAR2, PARq, PRR, PXR, SAR, SXR
Dnmt1, Cxxc9, Dnmto, MCMT, MTase, Met-1, Met1, MommeD2, m.MmuI, Dnmt1
CX3CR1, CCRL1, CMKBRL1, CMKDR1, GPR13, GPRV28, V28
L1CAM, CAML1, CD171, HSAS, HSAS1, MASA, MIC5, N-CAM-L1, N-CAML1, NCAM-L1, S10, SPG1
UGT2B17, BMND12, UDPGT2B17
LAMB3, AI1A, BM600-125KDA, LAM5, LAMNB1
SIX1, BOS3, DFNA23, TIP39
FASN, FAS, OA-519, SDR27X1
MTDH, 3D3, AEG-1, AEG1, LYRIC, LYRIC/3D3
SMAD7, CRCS3, MADH7, MADH8
HDAC9, HD7, HD7b, HD9, HDAC, HDAC7, HDAC7BB, HDAC9FL, HDRP, MITR, HDAC9
NAT1, AAC1, MNAT, NAT-1, NATI
HTRA1, ARMD7, CADASIL2, CARASIL, HtrA, L56, ORF480, PRSS11
KRT18, CK-18, CYK18, K18
ADAM12, ADAM12-OT1, CAR10, MCMP, MCMPMltna, MLTN, MLTNA
XBP1, TREB-5, TREB5, XBP-1, XBP2
CSF3, C17orf33OS, GCSF, CSF3
CDK6, MCPH12, PLSTIRE
PDCD4, H731
ADIPOR1, ACDCR1, CGI-45, CGI45, PAQR1, TESBP1A
TLR5, MELIOS, SLE1, SLEB1, TIL3
TSC1, LAM, TSC
JMJD6, PSR, PTDSR, PTDSR1
PLK1, PLK, STPK13
Ptgs2, COX-2, Cox2
NR4A2, HZF-3, NOT, NURR1, RNR1, TINUR
BAP1, HUCEP-13, UCHL2, hucep-6
PTP4A3, PRL-3, PRL-R, PRL3
PRKCI, DXS1179E, PKCI, nPKC-iota
GADD45A, DDIT1, GADD45
MIR27A, MIR27, MIRN27A, mir-27a
PIK3R1, AGM7, GRB1, IMD36, p85, p85-ALPHA
WFDC2, EDDM4, HE4, WAP5, dJ461P17.6
SIN3A, 
DLC1, ARHGAP7, HP, STARD12, p122-RhoGAP
MCM2, BM28, CCNL1, CDCL1, D3S3194, MITOTIN, cdc19
AKR1C3, DD3, DDX, HA1753, HAKRB, HAKRe, HSD17B5, PGFS, hluPGFS
CCND2, KIAK0002, MPPH3
EGLN1, C1orf12, ECYT3, HALAH, HIF-PH2, HIFPH2, HPH-2, HPH2, PHD2, SM20, ZMYND6
RBM5, G15, H37, LUCA15, RMB5
AQP3, AQP-3, GIL
BIRC7, KIAP, LIVIN, ML-IAP, MLIAP, RNF50
TIAM1, 
FOLR1, FBP, FOLR
COL5A1, EDSC
DSG3, CDHF6, PVA
DMBT1, GP340, SAG, muclin
Lepr, LEPROTb, Modb1, OB-RGRP, Obr, db, diabetes, obese-like, obl, Lepr
PLAT, T-PA, TPA
FOXC1, ARA, FKHL7, FREAC-3, FREAC3, IGDA, IHG1, IRID1, RIEG3
Igf1r, A330103N21Rik, CD221, D930020L01, IGF-1R, hyft
ITGA2, BR, CD49B, GPIa, HPA-5, VLA-2, VLAA2
ING1, p24ING1c, p33, p33ING1, p33ING1b, p47, p47ING1a
DROSHA, ETOHI2, HSA242976, RANSE3L, RN3, RNASE3L, RNASEN
MME, CALLA, CD10, NEP, SFE
CAT, 
STIM1, D11S4896E, GOK, IMD10, STRMK, TAM, TAM1
CTSB, APPS, CPSB
CHGA, CGA
SUZ12, CHET9, JJAZ1
CTSD, CLN10, CPSD, HEL-S-130P
FOXA2, HNF3B, TCF3B
DEFB4A, BD-2, DEFB-2, DEFB102, DEFB2, DEFB4, HBD-2, SAP1
NES, Nbla00170
IL22, IL-21, IL-22, IL-D110, IL-TIF, ILTIF, TIFIL-23, TIFa, zcyto18
MIR125A, MIRN125A, miRNA125A, mir-125a
Smad4, AW743858, D18Wsu70e, DPC4, Madh4
EPOR, EPO-R
CCR7, BLR2, CC-CKR-7, CCR-7, CD197, CDw197, CMKBR7, EBI1
MTAP, BDMF, DMSFH, DMSMFH, HEL-249, LGMBF, MSAP, c86fus
BAK1, BAK, BAK-LIKE, BCL2L7, CDN1
THY1, CD90, CDw90
GSN, ADF, AGEL
PLA2G2A, MOM1, PLA2, PLA2B, PLA2L, PLA2S, PLAS1, sPLA2
CHRNA1, ACHRA, ACHRD, CHRNA, CMS1A, CMS1B, CMS2A, FCCMS, SCCMS
CDK8, K35
SFN, YWHAS
LCN2, 24p3, MSFI, NGAL, p25
MDK, ARAP, MK, NEGF2
LEF1, LEF-1, TCF10, TCF1ALPHA, TCF7L3
TP53BP1, 53BP1, TDRD30, TP53, p202, p53BP1
SSTR2, 
IL24, C49A, FISP, IL10B, MDA7, MOB5, ST16
ZEB2, HSPC082, SIP-1, SIP1, SMADIP1, ZFHX1B
TUBB3, CDCBM, CDCBM1, CFEOM3, CFEOM3A, FEOM3, TUBB4, beta-4
ACKR3, CMKOR1, CXC-R7, CXCR-7, CXCR7, GPR159, RDC-1, RDC1
ACTN4, ACTININ-4, FSGS, FSGS1
Mmp3, EMS-2, MMP-3, SL-1, SLN-1, SLN1, STR-1, Stmy1, Str1
TMPRSS2, PP9284, PRSS10
SLC29A1, ENT1
Cxcl1, Fsp, Gro1, KC, Mgsa, N51, Scyb1, gro
IMP3, BRMS2, C15orf12, MRPS4
CLDN4, CPE-R, CPER, CPETR, CPETR1, WBSCR8, hCPE-R
HOXB9, HOX-2.5, HOX2, HOX2E
KIAA1524, CIP2A, p90
P2RX7, P2X7
MIR205, MIRN205, mir-205
PIK3CG, PI3CG, PI3K, PI3Kgamma, PIK3, p110gamma, p120-PI3K
F2RL1, GPR11, PAR2
HSPD1, CPN60, GROEL, HLD4, HSP-60, HSP60, HSP65, HuCHA60, SPG13
MACC1, 7A5, SH3BP4L
SDC1, CD138, SDC, SYND1, syndecan
Il12a, IL-12p35, Il-12a, Ll12a, p35
CP, CP-2
CTNNBIP1, ICAT
MAP3K14, FTDCR1B, HS, HSNIK, NIK
MIR182, MIRN182, miRNA182, mir-182
CLDN7, CEPTRL2, CLDN-7, CPETRL2, Hs.84359, claudin-1
ADAMTS1, C3-C5, METH1
MMP10, SL-2, STMY2
Ccr5, AM4-7, CD195, Cmkbr5
SPDEF, PDEF, bA375E1.3
XAGE1E, CT12.1, CT12.1C, CT12.1D, CT12.1E, CTP9, GAGED2, XAGE-1, XAGE1, XAGE1C, XAGE1D
MUC16, CA125
PKM, CTHBP, HEL-S-30, OIP3, PK32, TCB, THBP1, PKM
VAMP2, SYB2, VAMP-2
IL12RB2, 
FBXW7, AGO, CDC4, FBW6, FBW7, FBX30, FBXO30, FBXW6, SEL-10, SEL10, hAgo, hCdc4
NFKB2, CVID10, H2TF1, LYT-10, LYT10, NF-kB2, p100, p49/p100, p52
TGFA, TFGA
GGT1, CD224, D22S672, D22S732, GGT, GGT 1, GTG
NDRG1, CAP43, CMT4D, DRG-1, DRG1, GC4, HMSNL, NDR1, NMSL, PROXY1, RIT42, RTP, TARG1, TDD5
PHB, HEL-215, HEL-S-54e1, PHB
PIM1, PIM
MRE11A, ATLD, HNGS1, MRE11, MRE11B
NR4A1, GFRP1, HMR, N10, NAK-1, NGFIB, NP10, NUR77, TR3
MCAM, CD146, MUC18
Pik3ca, 6330412C24Rik, caPI3K, p110, p110alpha
ZBTB33, ZNF-kaiso, ZNF348
SAMHD1, CHBL2, DCIP, HDDC1, MOP-5, SBBI88
F2r, AI482343, Cf2r, Par1, ThrR
MADD, DENN, IG20, RAB3GEP
H19, ASM, ASM1, BWS, D11S813E, LINC00008, NCRNA00008, WT2
Lgals1, AA410090, Gal-1, Galbp, L-14.5, L14, Lect14, galectin-1
CCR6, BN-1, C-C CKR-6, CC-CKR-6, CCR-6, CD196, CKR-L3, CKRL3, CMKBR6, DCR2, DRY6, GPR29, GPRCY4, STRL22
MIR210, MIRN210, mir-210
SLC34A2, NAPI-3B, NAPI-IIb, NPTIIb
TRPM8, LTRPC6, TRPP8
SCD, FADS5, MSTP0081, SCDOS, hSCD1, SCD
SLC3A2, 4F2, 4F2HC, 4T2HC, CD98, CD98HC, MDU1, NACAE
MIR17, MIR17-5p, MIR91, MIRN17, MIRN91, hsa-mir-17, miR-17, miR17-3p, miRNA17, miRNA91
MIR196A2, MIRN196-2, MIRN196A2, mir-196a-2
HPGD, 15-PGDH, PGDH, PGDH1, PHOAR1, SDR36C1
RPSA, 37LRP, 67LR, ICAS, LAMBR, LAMR1, LBP, LBP/p40, LRP, LRP/LR, NEM/1CHD4, SA, lamR, p40
KIF14, MKS12
CD151, GP27, MER2, PETA-3, RAPH, SFA1, TSPAN24
VCAM1, CD106, INCAM-100
DPP4, ADABP, ADCP2, CD26, DPPIV, TP103
RHOB, ARH6, ARHB, MST081, MSTP081, RHOH6
S100A6, 2A9, 5B10, CABP, CACY, PRA
TAZ, BTHS, CMD3A, EFE, EFE2, G4.5, LVNCX, Taz1
CD3E, IMD18, T3E, TCRE
HK2, HKII, HXK2
TNFSF13B, BAFF, BLYS, CD257, DTL, TALL-1, TALL1, THANK, TNFSF20, TNLG7A, ZTNF4
CHFR, RNF116, RNF196
S100P, MIG9
EIF5A, EIF-5A1, eIF5AI, EIF5A
MSI1, 
LIN28B, CSDD2
S100A2, CAN19, S100L
ETV4, E1A-F, E1AF, PEA3, PEAS3
ADAM9, CORD9, MCMP, MDC9, Mltng
Zeb1, 3110032K11Rik, AREB6, BZP, MEB1, Nil2, TCF-8, Tcf18, Tcf8, Tw, ZEB, Zfhep, Zfhx1a, Zfx1a, Zfx1ha, [delta]EF1
ZBTB7A, FBI-1, FBI1, LRF, TIP21, ZBTB7, ZNF857A, pokemon
Met, AI838057, HGF, HGFR, Par4, c-Met
LHCGR, HHG, LCGR, LGR2, LH/CG-R, LH/CGR, LHR, LHRHR, LSH-R, ULG5
KISS1, HH13, KiSS-1
HTATIP2, CC3, SDR44U1, TIP30
ADAM8, CD156, CD156a, MS2
CYP2A13, CPAD, CYP2A, CYPIIA13
IGFBP2, IBP2, IGF-BP53
FADD, GIG3, MORT1
IL6ST, CD130, CDW130, GP130, IL-6RB
ORAI1, CRACM1, IMD9, ORAT1, TAM2, TMEM142A
Fgfr3, CD333, FR3, Fgfr-3, Flg-2, HBGFR, Mfr3, sam3
ALOX15, 12-LOX, 15-LOX-1, 15LOX-1
GSS, GSHS, HEL-S-64p, HEL-S-88n
REV3L, POLZ, REV3
KPNA2, IPOA1, QIP2, RCH1, SRP1-alpha, SRP1alpha
NR0B1, AHC, AHCH, AHX, DAX-1, DAX1, DSS, GTD, HHG, NROB1, SRXY2
FZD1, 
CXCL1, FSP, GRO1, GROa, MGSA, MGSA-a, NAP-3, SCYB1
ARF6, 
WNT11, HWNT11
F3, AA409063, CD142, Cf-3, Cf3, TF
TFAM, MTTF1, MTTFA, TCF6, TCF6L1, TCF6L2, TCF6L3
TBXA2R, BDPLT13, TXA2-R
COL4A5, ASLN, ATS, CA54
DLK1, DLK, DLK-1, Delta1, FA1, PREF1, Pref-1, ZOG, pG2
BBC3, JFY-1, JFY1, PUMA
POU2F1, OCT1, OTF1, oct-1B
CASP7, CASP-7, CMH-1, ICE-LAP3, LICE2, MCH3
TFPI2, PP5, REF1, TFPI-2
PRDX1, MSP23, NKEF-A, NKEFA, PAG, PAGA, PAGB, PRX1, PRXI, TDPX2
ANPEP, APN, CD13, GP150, LAP1, P150, PEPN
ATIC, AICAR, AICARFT, HEL-S-70p, IMPCHASE, PURH
PTGER4, EP4, EP4R
Gnai2, C76432, Galphai2, Gia, Gnai-2
ANO1, DOG1, ORAOV2, TAOS2, TMEM16A
RFC1, A1, MHCBFB, PO-GA, RECC1, RFC40, RFC1
XDH, XO, XOR
ESRRA, ERR1, ERRa, ERRalpha, ESRL1, NR3B1
SEMA3B, LUCA-1, SEMA5, SEMAA, SemA, semaV
FABP3, FABP11, H-FABP, M-FABP, MDGI, O-FABP
BRD4, CAP, HUNK1, HUNKI, MCAP
UBC, HMG20
INSR, CD220, HHF5
CRABP1, CRABP, CRABP-I, CRABPI, RBP5
NMU, 
MCM7, CDC47, MCM2, P1.1-MCM3, P1CDC47, P85MCM, PNAS146, PPP1R104
FOXC2, FKHL14, LD, MFH-1, MFH1
FIGF, VEGF-D, VEGFD
NDRG2, SYLD
CTHRC1, 
PPM1D, PP2C-DELTA, WIP1
AZGP1, ZA2G, ZAG
CDC6, CDC18L, HsCDC18, HsCDC6
SHMT1, CSHMT, SHMT
TACSTD2, EGP-1, EGP1, GA733-1, GA7331, GP50, M1S1, TROP2
E6, HpV16gp1
PIGR, 
ATG5, APG5, APG5-LIKE, APG5L, ASP, hAPG5
PEBP4, CORK-1, CORK1, GWTM1933, HEL-S-300, PEBP-4, PRO4408, hPEBP4
TDGF1, CR, CRGF, CRIPTO
ING4, my036, p29ING4
RRM2, R2, RR2, RR2M
CLDN5, AWAL, BEC1, CPETRL1, TMVCF
DUSP6, HH19, MKP3, PYST1
SHC1, SHC, SHCA
ID3, HEIR-1, bHLHb25
PAK1, PAKalpha
CD34, 
TFAP2B, AP-2B, AP2-B
BATF2, SARI
TBXAS1, BDPLT14, CYP5, CYP5A1, GHOSAL, THAS, TS, TXAS, TXS
CLDN3, C7orf1, CPE-R2, CPETR2, HRVP1, RVP1
CXCL14, BMAC, BRAK, KEC, KS1, MIP-2g, MIP2G, NJAC, SCYB14
CYGB, HGB, STAP
ASPM, ASP, Calmbp1, MCPH5
CLDN2, 
GDF15, GDF-15, MIC-1, MIC1, NAG-1, PDF, PLAB, PTGFB
Jak2, Fd17
IREB2, ACO3, IRP2, IRP2AD
GOLPH3, GOPP1, GPP34, MIDAS, Vps74
KLK10, NES1, PRSSL1
ADGRE5, CD97, TM7LN1
SAA1, PIG4, SAA, SAA2, TP53I4
Gpc3, OCI-5
TRAF2, MGC:45012, TRAP, TRAP3
RSF1, HBXAP, RSF-1, XAP8, p325
ABCE1, ABC38, OABP, RLI, RNASEL1, RNASELI, RNS4I
TOB1, APRO6, PIG49, TOB, TROB, TROB1
Abcb1b, Abcb1, Mdr1, Mdr1b, Pgy-1, Pgy1, mdr
TJP1, ZO-1
MAD2L1, HSMAD2, MAD2
CFL1, CFL, HEL-S-15, cofilin
TMPRSS4, CAPH2, MT-SP2, TMPRSS3
Raf1, 6430402F14Rik, AA990557, BB129353, Craf1, D830050J10Rik, Raf-1, c-Raf, v-Raf
Rorc, Nr1f3, RORgamma, TOR, Thor
PRKD1, PKC-MU, PKCM, PKD, PRKCM
PTH1R, PFE, PTHR, PTHR1
PIK3R3, p55, p55-GAMMA, p55PIK
DOK2, p56DOK, p56dok-2
SIRT3, SIR2L3
BAG3, BAG-3, BIS, CAIR-1, MFM6
MIR200C, MIRN200C, mir-200c
CASP2, CASP-2, ICH1, NEDD-2, NEDD2, PPP1R57
DCK, 
EBAG9, EB9, PDAF
FAP, DPPIVA, SIMP, FAP
IKBKE, IKK-E, IKK-i, IKKE, IKKI
CEACAM6, CD66c, CEAL, NCA
ODC1, ODC
CENPA, CENP-A, CenH3
E6, HpV18gp1
PTK7, CCK-4, CCK4
E7, HpV16gp2
GINS3, PSF3
MIR15A, MIRN15A, hsa-mir-15a, miRNA15A, mir-15a
SYP, MRX96, MRXSYP
GSR, HEL-75, HEL-S-122m
LDHB, HEL-S-281, LDH-B, LDH-HD, TRG-5, LDHB
DDT, DDCT
CLDN10, CPETRL3, OSP-L
ECT2, ARHGEF31
AKAP12, AKAP250, SSeCKS
SLC14A1, HUT11, HsT1341, JK, RACH1, RACH2, UT-B1, UT1, UTE
KIF5B, HEL-S-61, KINH, KNS, KNS1, UKHC
MMP11, SL-3, ST3, STMY3
MIR34B, MIRN34B, miRNA34B, mir-34b
GGH, GH
MBD4, MED1
FLNA, ABP-280, ABPX, CSBS, CVD1, FLN, FLN-A, FLN1, FMD, MNS, NHBP, OPD, OPD1, OPD2, XLVD, XMVD
CHUK, IKBKA, IKK-alpha, IKK1, IKKA, NFKBIKA, TCF16
TACC3, ERIC-1, ERIC1
LYN, JTK8, p53Lyn, p56Lyn
Figf, AI325264, VEGF-D, Vegfd
ADGRG1, BFPP, BPPR, GPR56, TM7LN4, TM7XN1
VIL1, D2S1471, VIL
Lamc2, AA589349
EPHA4, HEK8, SEK, TYRO1
KLF8, BKLF3, ZNF741
KLF8, BKLF3, ZNF741
CD55, CR, CROM, DAF, TC
OPA1, BERHS, MGM1, MTDPS14, NPG, NTG, largeG
CNTN1, F3, GP135, MYPCN
HMGA1, HMG-RA, HMGIY, HMGA1
CAPG, AFCP, HEL-S-66, MCP
KLK11, PRSS20, TLSP
SLC5A8, AIT, SMCT, SMCT1
KDM4C, GASC1, JHDM3C, JMJD2C, TDRD14C
ANG, ALS9, HEL168, RAA1, RNASE4, RNASE5
CCDC6, D10S170, H4, PTC, TPC, TST1
PEG10, EDR, HB-1, MEF3L, Mar2, Mart2, RGAG3
EPHA7, EHK-3, EHK3, EK11, HEK11
MAP4K4, FLH21957, HEL-S-31, HGK, MEKKK4, NIK
CRMP1, CRMP-1, DPYSL1, DRP-1, DRP1, ULIP-3
FSCN1, FAN1, HSN, SNL, p55
LGALS4, GAL4, L36LBP
IL32, IL-32alpha, IL-32beta, IL-32delta, IL-32gamma, NK4, TAIF, TAIFa, TAIFb, TAIFc, TAIFd
VASP, 
Batf, B-ATF, SFA-2
GAS6, AXLLG, AXSF
MSN, HEL70
USP7, HAUSP, TEF1
PSCA, PRO232
CLCA2, CACC, CACC3, CLCRG2, CaCC-3
Ctsb, CB
HSPA9, CRP40, CSA, EVPLS, GRP-75, GRP75, HEL-S-124mB, MOT, MOT2, MTHSP75, PBP74, SAAN, SIDBA4, HSPA9
PTP4A2, HH13, HH7-2, HU-PP-1, OV-1, PRL-2, PRL2, PTP4A, PTPCAAX2, ptp-IV1a, ptp-IV1b
MIR29A, MIRN29, MIRN29A, hsa-mir-29, hsa-mir-29a, miRNA29A, mir-29a
MIR143, MIRN143, mir-143
PAWR, PAR4, Par-4
SNCG, BCSG1, SR
MIRLET7A1, LET7A1, MIRNLET7A1, let-7a-1
SDC4, SYND4
KLK6, Bssp, Klk7, PRSS18, PRSS9, SP59, hK6
BTG3, ANA, TOB5, TOB55, TOFA
MAP2, MAP2AB, MAP2C, MAP2
BATF, B-ATF1, SFA-2, SFA2, BATF
Rbl2, PRB2, RBR-2, Rb2, p130
S100A10, 42C, ANX2L, ANX2LG, CAL1L, CLP11, Ca[1], GP11, P11, p10
MIR150, MIRN150, miRNA150, mir-150
PIK3C3, VPS34, Vps34, hVps34
Mmp7, MAT, MMP-7
SERPINH1, AsTP3, CBP1, CBP2, HSP47, OI10, PIG14, PPROM, RA-A47, SERPINH2, gp46
MAP1LC3B, ATG8F, LC3B, MAP1A/1BLC3-a, MAP1LC3B
TRIB3, C20orf97, NIPK, SINK, SKIP3, TRB3
RDX, DFNB24
MMP19, CODA, MMP18, RASI-1
CRABP2, CRABP-II, RBP6
NDUFA13, B16.6, CDA016, CGI-39, GRIM-19, GRIM19
TNK2, ACK, ACK-1, ACK1, p21cdc42Hs
KLK7, PRSS6, SCCE, hK7
XAF1, BIRC4BP, HSXIAPAF1, XIAPAF1
RORC, IMD42, NR1F3, RORG, RZR-GAMMA, RZRG, TOR
BCL2L2, BCL-W, BCL2-L-2, BCLW, PPP1R51
EEF1A2, EEF1AL, EF-1-alpha-2, EF1A, EIEE33, HS1, MRD38, STN, STNL
DMP1, ARHP, ARHR, DMP-1
MIR26A1, MIR26A, MIRN26A1, mir-26a-1
MIR142, MIRN142, mir-142
HOXA1, BSAS, HOX1, HOX1F
HIP1, HIP-I, ILWEQ, SHON, SHONbeta, SHONgamma
Btg3, ANA, tob5
BHLHE40, BHLHB2, DEC1, HLHB2, SHARP-2, STRA13, Stra14
STC2, STC-2, STCRP
MIR183, MIRN183, miR-183, miRNA183
PHLPP1, PHLPP, PLEKHE1, PPM3A, SCOP
JAM3, JAM-2, JAM-3, JAM-C, JAMC
SLC28A1, CNT1, HCNT1
PBK, CT84, HEL164, Nori-3, SPK, TOPK
CHRNA6, CHNRA6
GSTA4, GSTA4-4, GTA4
AHSG, A2HS, AHS, FETUA, HSGA
CHRNB3, 
PTPRG, HPTPG, PTPG, R-PTP-GAMMA, RPTPG
DUSP4, HVH2, MKP-2, MKP2, TYP
Scrib, AI118201, CRIB, Crc, SCRIB1, Scrb1, mKIAA0147, vartul
WISP2, CCN5, CT58, CTGF-L
DIO3, 5DIII, D3, DIOIII, TXDI3
SPRY4, HH17
PTGER1, EP1
TRIP10, CIP4, HSTP, STOT, STP, TRIP-10
ALOX5, 5-LO, 5-LOX, 5LPG, LOG5
MIR192, MIRN192, miR-192, miRNA192
OPCML, IGLON1, OBCAM, OPCM
ACIN1, ACINUS, ACN, fSAP152
ABCC10, EST182763, MRP7, SIMRP7
MZF1, MZF-1B, ZFP98, ZNF42, ZSCAN6, MZF1
GLP1R, GLP-1, GLP-1-R, GLP-1R
Nod2, ACUG, BLAU, CD, Card15, F830032C23Rik, IBD1, Nlrc2
SLC2A5, GLUT-5, GLUT5
CDK5RAP3, C53, HSF-27, IC53, LZAP, MST016, OK/SW-cl.114, PP1553
Fbln2, 5730577E14Rik, FIBL-2
NNAT, Peg5
MT1G, MT1, MT1K
EYA2, EAB1
ATAD2, ANCCA, CT137, PRO2000
NOX1, GP91-2, MOX1, NOH-1, NOH1
MIR221, MIRN221, miRNA221, mir-221
FXYD3, MAT8, PLML
PAEP, GD, GdA, GdF, GdS, PAEG, PEP, PP14
IQSEC1, ARF-GEP100, ARFGEP100, BRAG2, GEP100
PRTN3, ACPA, AGP7, C-ANCA, CANCA, MBN, MBT, NP-4, NP4, P29, PR-3, PR3
TNFAIP8L2, TIPE2
CD63, LAMP-3, ME491, MLA1, OMA81H, TSPAN30
KLF17, ZNF393, Zfp393
NUDT6, ASFGF2, FGF-AS, FGF2AS, GFG-1, GFG1
LGR5, FEX, GPR49, GPR67, GRP49, HG38
CPSF4, CPSF30, NAR, NEB-1, NEB1
CDH3, CDHP, HJMD, PCAD
TRPV6, ABP/ZF, CAT1, CATL, ECAC2, HSA277909, LP6728, ZFAB
GSK3A, 
CDA, CDD
GDE1, 363E6.2, MIR16
PTMA, TMSA
NEK2, HsPK21A, NLK1, PPP1R111, RP67, NEK2
NRP2, NP2, NPN2, PRO2714, VEGF165R2
GOLM1, C9orf155, GOLPH2, GP73, HEL46, PSEC0257, bA379P1.3
MIR148A, MIRN148, MIRN148A, hsa-mir-148, mir-148a
TNFRSF12A, CD266, FN14, TWEAKR
Jag2, D12Ggc2e, Serh, mJagged2-1, sm
ADAM15, MDC15
EIF4EBP3, 4E-BP3, 4EBP3
ARHGEF7, BETA-PIX, COOL-1, COOL1, Nbla10314, P50, P50BP, P85, P85COOL1, P85SPR, PAK3, PIXB
USP22, USP3L
MGAT5, GNT-V, GNT-VA
Serpinf1, AI195227, EPC-1, Pedf, Pedfl, Sdf3
EEF2, EEF-2, EF-2, EF2, SCA26
LRIG1, LIG-1, LIG1
PANX1, MRS1, PX1, UNQ2529
Il6ra, CD126, IL-6R, IL-6R-alpha, IL-6RA, Il6r
MTA2, MTA1L1, PID
MIR29B1, MIRN29B1, miR-29b, miRNA29B1, mir-29b-1
SPOP, BTBD32, TEF2
METAP2, MAP2, MNPEP, p67eIF2
ANXA3, ANX3
CCR9, CC-CKR-9, CDw199, GPR-9-6, GPR28
RASSF5, Maxp1, NORE1, NORE1A, NORE1B, RAPL, RASSF3
ATP2A3, SERCA3
LSP1, WP34, pp52
ATOH1, ATH1, HATH1, MATH-1, bHLHa14
STK11IP, LIP1, LKB1IP1, STK11IP
SSTR3, SS-3-R, SS3-R, SS3R, SSR-28
ARHGAP35, GRF-1, GRLF1, P190-A, P190A, p190ARhoGAP, p190RhoGAP
CDKN3, CDI1, CIP2, KAP, KAP1
PARVA, CH-ILKBP, MXRA2
CLDN6, 
RHOBTB2, DBC2
MIR138-1, MIRN138-1, mir-138-1
RIN1, 
EPHA5, CEK7, EHK-1, EHK1, EK7, HEK7, TYRO4
MTA3, 
TNFAIP8, GG2-1, MDC-3.13, NDED, SCC-S2, SCCS2
RAC3, 
ATAD3A, 
ITPKA, IP3-3KA, IP3KA
SOX7, 
FRAT1, 
ARHGEF5, GEF5, P60, TIM, TIM1
Clec4e, C86253, Clecsf9, Mincle
ALKBH3, ABH3, DEPC-1, DEPC1, PCA1, hABH3
BRSK2, C11orf7, PEN11B, SAD1, SADA, STK29
Dok2, DokR, Frip
ORAI3, TMEM142C
Llgl1, AI325176, Lgl1, Llglh, Mgl1
MIR122, MIR122A, MIRN122, MIRN122A, hsa-mir-122, miRNA122, miRNA122A, mir-122
PBX2, G17, HOX12MHC, PBX2
MIR129-2, MIR-129b, MIRN129-2, mir-129-2
DYRK2, 
WHSC1L1, NSD3, WHISTLE, pp14328
SKAP2, PRAP, RA70, SAPS, SCAP2, SKAP-HOM, SKAP55R
SRPX, DRS, ETX1, HEL-S-83p1, SRPX
Adssl1, AI528595, Adss, Adss1
A1BG, A1B, ABG, GAB, HYST2477
Eaf2, AW048865, FESTA-L, FESTA-S, Festa, Traits, U19
TNFSF15, TL1, TL1A, TNLG1B, VEGI, VEGI192A
MIR223, MIRN223, miRNA223, mir-223
TRPC3, SCA41, TRP3
GAST, GAS
Sh3pxd2a, 2310014D11Rik, AA589508, AI256723, AI413738, C230050L11, EG329070, Fish, Gm5098, Sh3md1, TSK5, Tks5
TM4SF4, ILTMP, il-TMP
PLPP5, DPPL1, HTPAP, PPAPDC1B
ADGRA2, GPR124, TEM5
DESI2, C1orf121, CGI-146, DESI, DESI1, DeSI-2, FAM152A, PNAS-4, PPPDE1
UFL1, KIAA0776, Maxer, NLBP, RCAD
MIR375, MIRN375, hsa-mir-375, miRNA375, mir-375
MIR141, MIRN141, mir-141
MIR20A, MIR20, MIRN20, MIRN20A, hsa-mir-20, hsa-mir-20a, miR-20, miRNA20A, mir-20a
CCL19, CKb11, ELC, MIP-3b, MIP3B, SCYA19
FAM83B, C6orf143
GTDC1, Hmat-Xa, mat-Xa
TMEM100, 
MEG3, FP504, GTL2, LINC00023, NCRNA00023, PRO0518, PRO2160, onco-lncRNA-83, prebp1
EPHB6, HEP
OLFM4, GC1, GW112, OLM4, OlfD, UNQ362, bA209J19.1, hGC-1, hOLfD
GAS5, NCRNA00030, SNHG2
MIR373, MIRN373, hsa-mir-373, miRNA373, mir-373
MIR326, MIRN326, hsa-mir-326, mir-326
Srpx, Drs
ACOT8, HNAACTE, NAP1, PTE-1, PTE-2, PTE1, PTE2, hACTE-III, hTE
MIR135A1, MIRN135-1, MIRN135A1, mir-135a-1
FZD2, Fz2, fz-2, fzE2, hFz2
Rac3, Rac1B
FCGBP, FC(GAMMA)BP
Dkk1, mdkk-1
Sik1, Sik, Snf1lk
Plagl2, AU018672, AW552839, mKIAA0198
MFN2, CMT2A, CMT2A2, CPRP1, HMSN6A, HSG, MARF
MIR222, MIRN222, miRNA222, mir-222
MIR10B, MIRN10B, hsa-mir-10b, miRNA10B, mir-10b
PVR, CD155, HVED, NECL5, Necl-5, PVS, TAGE4
TNFRSF10C, CD263, DCR1, DCR1-TNFR, LIT, TRAIL-R3, TRAILR3, TRID
RARRES3, HRASLS4, HRSL4, PLA1/2-3, RIG1, TIG3
MIR193B, MIRN193B, mir-193b
MIR15B, MIRN15B, hsa-mir-15b, miR-15b
Lpar5, Gpr92, RGD1562580
XAGE1B, CT12.1, CT12.1A, CT12.1B, CTP9, GAGED2, XAGE-1, XAGE1, XAGE1A
TTF1, TTF-1, TTF-I
RASAL2, NGAP
MIR153-1, MIRN153-1, mir-153-1
Rasal2, 6530401P13, A330066M24Rik
LIG1, 
MIR100, MIRN100, miR-100
IGHG1, 
NUPR1, COM1, P8
MIR196B, MIRN196B, miR-196b, miRNA196B
SIK1, EIEE30, MSK, SIK, SNF1LK
MIR95, MIRN95, hsa-mir-95, miR-95
MIR16-2, MIRN16-2, mir-16-2, mir-16-3
MIR153-2, MIRN153-2, mir-153-2

